AP	Barry Morishita	Leader
AP	John Gee	Chief Financial Officer
AP	Sid Kobewka	President
APA	Carol Nordlund Kinsey	President
APA	Marilyn Burns	Leader
APA	Ron Malowany	Chief Financial Officer
BPA	Bridgit Frostad	Chief Financial Officer
BPA	John Molberg	Leader
BPA	Raman Bains	President
CP - A	Blyth Nuttall	Chief Financial Officer
CP - A	Naomi Rankin	Leader
GPA	Evelyn Tanaka	President
GPA	Jordan Wilkie	Leader
GPA	Robert Moran	Chief Financial Officer
LIB	Aleksandar Samardzija	Chief Financial Officer
LIB	Helen Mcmenamin	President
LIB	John Roggeveen	Interim Leader
NDP	Brandon Stevens	Chief Financial Officer
NDP	Nancy Janovicek	President
NDP	Rachel Notley	Leader
PAPA	Graham Gagnon	Chief Financial Officer
PAPA	Murray Ruhl	Leader
PAPA	Murray Ruhl	President
REF	Patricia Argent	Chief Financial Officer
REF	Randy Thorsteinson	Leader
TIP	Jim Grant	President
TIP	Vacant	Leader
TIP	Vicky Bayford	Chief Financial Officer
UCP	Cynthia Moore	President
UCP	Danielle Smith	Leader
UCP	Ken Engler	Chief Financial Officer
WIPA	Bill Jones	Chief Financial Officer
WIPA	Jeevan Mangat	Interim Leader
WIPA	Rick Northey	President
WLC	Danny Hozack	President
WLC	Paul Hinman	Leader
WLC	Tami Tatlock	Chief Financial Officer
