APA	Marilyn Burns	Leader
APA	Carol Nordlund Kinsey	President
APA	Ron Malowany	Chief Financial Officer
LIB	John Roggeveen	Interim Leader
LIB	Helen Mcmenamin	President
LIB	Aleksandar Samardzija	Chief Financial Officer
NDP	Rachel Notley	Leader
NDP	Nancy Janovicek	President
NDP	Brandon Stevens	Chief Financial Officer
AP	Barry Morishita	Leader
AP	Sid Kobewka	President
AP	John Gee	Chief Financial Officer
CP - A	Naomi Rankin	Leader
CP - A	Blyth Nuttall	Chief Financial Officer
GPA	Jordan Wilkie	Leader
GPA	Evelyn Tanaka	President
GPA	Robert Moran	Chief Financial Officer
PAPA	Murray Ruhl	Leader
PAPA	Murray Ruhl	President
PAPA	Graham Gagnon	Chief Financial Officer
REF	Randy Thorsteinson	Leader
REF	Patricia Argent	Chief Financial Officer
BPA	John Molberg	Leader
BPA	Raman Bains	President
BPA	Bridgit Frostad	Chief Financial Officer
TIP	Vacant	Leader
TIP	Jim Grant	President
TIP	Vicky Bayford	Chief Financial Officer
UCP	Danielle Smith	Leader
UCP	Cynthia Moore	President
UCP	Ken Engler	Chief Financial Officer
WIPA	Jeevan Mangat	Interim Leader
WIPA	Rick Northey	President
WIPA	Bill Jones	Chief Financial Officer
